{"cameraMode":{"drawMode":0,"name":"Shaded","section":"Shading Mode"},"sceneLighting":true,"audioPlay":false,"sceneViewState":{"showFog":true,"showMaterialUpdate":true,"showSkybox":true,"showFlares":true,"showImageEffects":true,"showParticleSystems":true},"in2DMode":false,"pivot":{"x":-137.67605590820313,"y":-133.3006591796875,"z":121.20530700683594},"rotation":{"x":0.30356526374816897,"y":-0.4482550621032715,"z":0.16506510972976685,"w":0.8244425654411316},"size":108.53910827636719,"orthographic":false}